name,address,rating,review_count,website,maps_url,status,lead_score
OB Auto Repair And Roadside,"117 Herman St, Indianapolis, IN 46202, USA",4.8,33,,https://maps.google.com/?cid=11470476920178204638&g_mp=Cidnb29nbGUubWFwcy5wbGFjZXMudjEuUGxhY2VzLlNlYXJjaFRleHQQAhgEIAA,OPERATIONAL,37.5
Khalid’s Auto Care,"WV97+Q2W, E 91st St, Indianapolis, IN 46240, USA",5,25,http://khalidsautocare.com/,https://maps.google.com/?cid=6310953537576991308&g_mp=Cidnb29nbGUubWFwcy5wbGFjZXMudjEuUGxhY2VzLlNlYXJjaFRleHQQAhgEIAA,OPERATIONAL,37.5
Apex Auto Repair LLC,"4931 Norwaldo Ave, Indianapolis, IN 46205, USA",5,42,http://apexautorepair.llc/,https://maps.google.com/?cid=10490830226862843305&g_mp=Cidnb29nbGUubWFwcy5wbGFjZXMudjEuUGxhY2VzLlNlYXJjaFRleHQQAhgEIAA,OPERATIONAL,29.0
Greg's Auto Repair,"634 Main St, Nashville, TN 37206, USA",4.8,55,https://www.facebook.com/gregsauto634/,https://maps.google.com/?cid=15495168313205133539&g_mp=Cidnb29nbGUubWFwcy5wbGFjZXMudjEuUGxhY2VzLlNlYXJjaFRleHQQAhgEIAA,OPERATIONAL,26.5
Auto Repair Center,"2408 Nolensville Pk, Nashville, TN 37211, USA",4.6,70,http://www.autorepaircenternashville.com/,https://maps.google.com/?cid=17136702233214177659&g_mp=Cidnb29nbGUubWFwcy5wbGFjZXMudjEuUGxhY2VzLlNlYXJjaFRleHQQAhgEIAA,OPERATIONAL,23.0
Prestige Auto Repair,"919 E Trinity Ln, Nashville, TN 37207, USA",4.9,61,https://prestigeautorepairs.com/,https://maps.google.com/?cid=10369270255651986512&g_mp=Cidnb29nbGUubWFwcy5wbGFjZXMudjEuUGxhY2VzLlNlYXJjaFRleHQQAhgEIAA,OPERATIONAL,21.5
Best Auto Repair,"4719 Nolensville Pk, Nashville, TN 37211, USA",4.9,64,,https://maps.google.com/?cid=5698731911475674068&g_mp=Cidnb29nbGUubWFwcy5wbGFjZXMudjEuUGxhY2VzLlNlYXJjaFRleHQQAhgEIAA,OPERATIONAL,20.0
Firestone Complete Auto Care,"401 E Broadway, Louisville, KY 40202, USA",4,647,https://www.firestonecompleteautocare.com/kentucky/louisville/401-e-broadway/?utm_source=google&utm_medium=organic&utm_campaign=localmaps&cmp=oloc_google_localmaps_maps,https://maps.google.com/?cid=8423313519300470256&g_mp=Cidnb29nbGUubWFwcy5wbGFjZXMudjEuUGxhY2VzLlNlYXJjaFRleHQQAhgEIAA,OPERATIONAL,20.0
Same Day Dental,"7225 US-31 g, Indianapolis, IN 46227, USA",4.1,3136,https://samedaydental.com/,https://maps.google.com/?cid=14920138448120602922&g_mp=Cidnb29nbGUubWFwcy5wbGFjZXMudjEuUGxhY2VzLlNlYXJjaFRleHQQAhgEIAA,OPERATIONAL,18.0
Dentists at Hyde Park Plaza,"3802 Paxton Ave Ste 12A, Cincinnati, OH 45209, USA",4.2,556,https://www.dentistsathydeparkplaza.com/?sc_cid=GBP%3AO%3AGP%3A770%3AOrganic_Search%3AGeneral%3Ana&_vsrefdom=organic_gbp&y_source=1_MTI2OTY2NjMtNzE1LWxvY2F0aW9uLndlYnNpdGU%3D,https://maps.google.com/?cid=7635877298829807899&g_mp=Cidnb29nbGUubWFwcy5wbGFjZXMudjEuUGxhY2VzLlNlYXJjaFRleHQQAhgEIAA,OPERATIONAL,16.0
All Out Automotive & Transmission,"2701 Cruzen St, Nashville, TN 37211, USA",4.8,78,,https://maps.google.com/?cid=5585655602335856766&g_mp=Cidnb29nbGUubWFwcy5wbGFjZXMudjEuUGxhY2VzLlNlYXJjaFRleHQQAhgEIAA,OPERATIONAL,15.0
Same Day Dental,"8060 Shadeland Ave Ste B, Indianapolis, IN 46250, USA",4.3,1599,https://samedaydental.com/dentist/in/indianapolis/8060-n-shadeland-ave-ste-b?utm_source=google&utm_medium=organic&utm_campaign=gmb,https://maps.google.com/?cid=16376755660760554377&g_mp=Cidnb29nbGUubWFwcy5wbGFjZXMudjEuUGxhY2VzLlNlYXJjaFRleHQQAhgEIAA,OPERATIONAL,14.0
Firestone Complete Auto Care,"425 N Delaware St, Indianapolis, IN 46204, USA",4.3,561,https://www.firestonecompleteautocare.com/indiana/indianapolis/425-n-delaware-st/?utm_source=google&utm_medium=organic&utm_campaign=localmaps&cmp=oloc_google_localmaps_maps,https://maps.google.com/?cid=11329928145001974665&g_mp=Cidnb29nbGUubWFwcy5wbGFjZXMudjEuUGxhY2VzLlNlYXJjaFRleHQQAhgEIAA,OPERATIONAL,14.0
"Aspen Dental - Cincinnati, OH - Western Hills","6218 Glenway Ave, Cincinnati, OH 45211, USA",4.3,1353,"https://www.aspendental.com/dentist/oh/cincinnati/6218-glenway-avenue?utm_source=googleplaces&utm_medium=lociqgoogleplaces&utm_campaign=Cincinnati,OH-Cincinnati_OH-1466&utm_content=listing",https://maps.google.com/?cid=17960440935932171735&g_mp=Cidnb29nbGUubWFwcy5wbGFjZXMudjEuUGxhY2VzLlNlYXJjaFRleHQQAhgEIAA,OPERATIONAL,14.0
Dentist in Louisville,"6826 Bardstown Rd, Louisville, KY 40291, USA",4.4,496,https://dentistinlouisville.com/?utm_source=google&utm_medium=organic&utm_campaign=gmb&utm_content=gmb,https://maps.google.com/?cid=10848772599503065680&g_mp=Cidnb29nbGUubWFwcy5wbGFjZXMudjEuUGxhY2VzLlNlYXJjaFRleHQQAhgEIAA,OPERATIONAL,12.0
All Star Tire & Auto Service,"534 N Capitol Ave, Indianapolis, IN 46204, USA",4.4,378,https://astires.com/,https://maps.google.com/?cid=3935018598269669601&g_mp=Cidnb29nbGUubWFwcy5wbGFjZXMudjEuUGxhY2VzLlNlYXJjaFRleHQQAhgEIAA,OPERATIONAL,12.0
Meineke Car Care Center,"11514 Shelbyville Rd, Louisville, KY 40243, USA",4.4,1149,https://www.meineke.com/locations/ky/louisville-2431/?utm_source=google&utm_medium=organic&utm_campaign=gbp_website,https://maps.google.com/?cid=14859277838832429756&g_mp=Cidnb29nbGUubWFwcy5wbGFjZXMudjEuUGxhY2VzLlNlYXJjaFRleHQQAhgEIAA,OPERATIONAL,12.0
Meridian Dental Center,"2291 N Meridian St, Indianapolis, IN 46208, USA",4.5,905,http://www.meridiandentistry.com/,https://maps.google.com/?cid=5050317673004879576&g_mp=Cidnb29nbGUubWFwcy5wbGFjZXMudjEuUGxhY2VzLlNlYXJjaFRleHQQAhgEIAA,OPERATIONAL,10.0
West Side Auto Care,"7501 W 10th St, Indianapolis, IN 46214, USA",4.5,165,,https://maps.google.com/?cid=16560131631618485906&g_mp=Cidnb29nbGUubWFwcy5wbGFjZXMudjEuUGxhY2VzLlNlYXJjaFRleHQQAhgEIAA,OPERATIONAL,10.0
Everyday Dental,"7764 Colerain Ave, Cincinnati, OH 45239, USA",4.5,3192,https://everydaydentalcare.com/,https://maps.google.com/?cid=6472244569043869743&g_mp=Cidnb29nbGUubWFwcy5wbGFjZXMudjEuUGxhY2VzLlNlYXJjaFRleHQQAhgEIAA,OPERATIONAL,10.0
Jay Barker's Auto Repair Service,"4350 Taylor Blvd, Louisville, KY 40215, USA",4.5,172,https://www.jaybarkerautorepair.com/,https://maps.google.com/?cid=15500636839899344954&g_mp=Cidnb29nbGUubWFwcy5wbGFjZXMudjEuUGxhY2VzLlNlYXJjaFRleHQQAhgEIAA,OPERATIONAL,10.0
"Gates Automotive Service, Inc.","1546 Bardstown Rd, Louisville, KY 40205, USA",4.5,114,http://www.gatesautomotiveservice.com/,https://maps.google.com/?cid=10033754329624738178&g_mp=Cidnb29nbGUubWFwcy5wbGFjZXMudjEuUGxhY2VzLlNlYXJjaFRleHQQAhgEIAA,OPERATIONAL,10.0
Rockford Lane Automotive,"4757 Rockford Plaza, Louisville, KY 40216, USA",4.5,270,,https://maps.google.com/?cid=5685064532802577015&g_mp=Cidnb29nbGUubWFwcy5wbGFjZXMudjEuUGxhY2VzLlNlYXJjaFRleHQQAhgEIAA,OPERATIONAL,10.0
Overley Automotive,"3800 Fern Valley Rd, Louisville, KY 40219, USA",4.5,259,https://overleyautomotive.com/,https://maps.google.com/?cid=813885956228181400&g_mp=Cidnb29nbGUubWFwcy5wbGFjZXMudjEuUGxhY2VzLlNlYXJjaFRleHQQAhgEIAA,OPERATIONAL,10.0
First Class Auto Services LLC,"2300 Hikes Ln, Louisville, KY 40218, USA",4.5,231,https://firstclassautoservices.com/,https://maps.google.com/?cid=11659768552017566802&g_mp=Cidnb29nbGUubWFwcy5wbGFjZXMudjEuUGxhY2VzLlNlYXJjaFRleHQQAhgEIAA,OPERATIONAL,10.0
24/7 Dental - Emergency Dental Care,"7301 W 10th St, Indianapolis, IN 46214, USA",4.6,1879,https://247dental.com/locations/indianapolis-in-w-10th/,https://maps.google.com/?cid=14155505155857299969&g_mp=Cidnb29nbGUubWFwcy5wbGFjZXMudjEuUGxhY2VzLlNlYXJjaFRleHQQAhgEIAA,OPERATIONAL,8.0
My Indy Dental Center,"3804 N Delaware St, Indianapolis, IN 46205, USA",4.6,341,https://myindydental.com/,https://maps.google.com/?cid=7952520259463341109&g_mp=Cidnb29nbGUubWFwcy5wbGFjZXMudjEuUGxhY2VzLlNlYXJjaFRleHQQAhgEIAA,OPERATIONAL,8.0
Magnolia Dental,"3801 S Hurstbourne Pkwy, Louisville, KY 40299, USA",4.6,1555,https://magnoliadentalky.com/,https://maps.google.com/?cid=1699620944902906010&g_mp=Cidnb29nbGUubWFwcy5wbGFjZXMudjEuUGxhY2VzLlNlYXJjaFRleHQQAhgEIAA,OPERATIONAL,8.0
DentalWorks Louisville,"1815 Bardstown Rd, Louisville, KY 40205, USA",4.6,705,https://www.dentalworks.com/offices/kentucky/louisville/,https://maps.google.com/?cid=11775676236746604424&g_mp=Cidnb29nbGUubWFwcy5wbGFjZXMudjEuUGxhY2VzLlNlYXJjaFRleHQQAhgEIAA,OPERATIONAL,8.0
Advanced Dental Center - Preston Highway,"8517 Preston Hwy, Louisville, KY 40219, USA",4.6,1097,https://kyadc.com/preston-highway/?utm_campaign=gmb,https://maps.google.com/?cid=3253744694312425799&g_mp=Cidnb29nbGUubWFwcy5wbGFjZXMudjEuUGxhY2VzLlNlYXJjaFRleHQQAhgEIAA,OPERATIONAL,8.0
Northeast Auto Service,"5155 E 65th St, Indianapolis, IN 46220, USA",4.6,217,https://www.autorepairindy.com/,https://maps.google.com/?cid=910829370616056231&g_mp=Cidnb29nbGUubWFwcy5wbGFjZXMudjEuUGxhY2VzLlNlYXJjaFRleHQQAhgEIAA,OPERATIONAL,8.0
Nashville Dental Center,"3754 Nolensville Pk, Nashville, TN 37211, USA",4.6,789,https://www.nashvilledc.net/,https://maps.google.com/?cid=4914955074262111156&g_mp=Cidnb29nbGUubWFwcy5wbGFjZXMudjEuUGxhY2VzLlNlYXJjaFRleHQQAhgEIAA,OPERATIONAL,8.0
Terry's Service Center Inc.,"847 Hillwood Blvd, Nashville, TN 37209, USA",4.6,780,https://terrysservicecenter.com/,https://maps.google.com/?cid=14861524688535694114&g_mp=Cidnb29nbGUubWFwcy5wbGFjZXMudjEuUGxhY2VzLlNlYXJjaFRleHQQAhgEIAA,OPERATIONAL,8.0
Hillsboro Village Auto Service,"1820 21st Ave S, Nashville, TN 37212, USA",4.6,280,http://www.hillsborovillageautoservice.com/,https://maps.google.com/?cid=5785006643415261171&g_mp=Cidnb29nbGUubWFwcy5wbGFjZXMudjEuUGxhY2VzLlNlYXJjaFRleHQQAhgEIAA,OPERATIONAL,8.0
Precision Tune Auto Care,"5700 Charlotte Pike, Nashville, TN 37209, USA",4.6,547,https://www.precisiontune.com/NashvilleTN_CharlottePk,https://maps.google.com/?cid=4399148055064227203&g_mp=Cidnb29nbGUubWFwcy5wbGFjZXMudjEuUGxhY2VzLlNlYXJjaFRleHQQAhgEIAA,OPERATIONAL,8.0
THE MECHANIC,"5114 Nolensville Pk, Nashville, TN 37211, USA",4.6,329,http://www.themechanicnashville.com/,https://maps.google.com/?cid=5984387505967985575&g_mp=Cidnb29nbGUubWFwcy5wbGFjZXMudjEuUGxhY2VzLlNlYXJjaFRleHQQAhgEIAA,OPERATIONAL,8.0
Brown's Automotive,"3214 Gallatin Pike, Nashville, TN 37216, USA",4.6,389,,https://maps.google.com/?cid=3312316814025261286&g_mp=Cidnb29nbGUubWFwcy5wbGFjZXMudjEuUGxhY2VzLlNlYXJjaFRleHQQAhgEIAA,OPERATIONAL,8.0
Advance Dentistry,"5823 Wooster Pike, Cincinnati, OH 45227, USA",4.6,1183,https://nofeardentist.com/location/oh-fairfax-mariemont-5823-wooster-pike/?utm_campaign=gmb,https://maps.google.com/?cid=8023114890186526460&g_mp=Cidnb29nbGUubWFwcy5wbGFjZXMudjEuUGxhY2VzLlNlYXJjaFRleHQQAhgEIAA,OPERATIONAL,8.0
Cincinnati Dental Services Edgewood Kentucky,"599 Freedom Park Dr Ste 100, Crestview Hills, KY 41017, USA",4.6,871,http://cdservicesedgewoodky.com/?utm_source=gbp&utm_medium=organic&utm_campaign=yext_listing,https://maps.google.com/?cid=3493499034163478890&g_mp=Cidnb29nbGUubWFwcy5wbGFjZXMudjEuUGxhY2VzLlNlYXJjaFRleHQQAhgEIAA,OPERATIONAL,8.0
Emergency Dental of Cincinnati,"3349 Whitfield Ave, Cincinnati, OH 45220, USA",4.6,1023,https://emergencydentalofcincinnati.com/,https://maps.google.com/?cid=10535198306265382086&g_mp=Cidnb29nbGUubWFwcy5wbGFjZXMudjEuUGxhY2VzLlNlYXJjaFRleHQQAhgEIAA,OPERATIONAL,8.0
Probilt Automotive,"4106 Preston Hwy, Louisville, KY 40213, USA",4.6,254,https://www.greatwater360autocare.com/shops/probilt-automotive-louisville,https://maps.google.com/?cid=5375541175435446042&g_mp=Cidnb29nbGUubWFwcy5wbGFjZXMudjEuUGxhY2VzLlNlYXJjaFRleHQQAhgEIAA,OPERATIONAL,8.0
Springdale Automotive Centers,"12200 Shelbyville Rd, Louisville, KY 40243, USA",4.6,394,https://www.greatwater360autocare.com/shops/springdale-automotive-shelbyville,https://maps.google.com/?cid=4209464183456767834&g_mp=Cidnb29nbGUubWFwcy5wbGFjZXMudjEuUGxhY2VzLlNlYXJjaFRleHQQAhgEIAA,OPERATIONAL,8.0
ARS / Rescue Rooter,"4071 Powell Ave, Nashville, TN 37204, USA",4.6,4725,https://www.ars.com/nashville?utm_source=google&utm_medium=gbp&utm_campaign=local_seo&utm_content=gbp_website_click,https://maps.google.com/?cid=6509421388762797279&g_mp=Cidnb29nbGUubWFwcy5wbGFjZXMudjEuUGxhY2VzLlNlYXJjaFRleHQQAhgEIAA,OPERATIONAL,8.0
West 10th Dental Group,"6443 W 10th St #204, Indianapolis, IN 46214, USA",4.7,3848,https://west10thdentalgroup.com/,https://maps.google.com/?cid=6749477915530105026&g_mp=Cidnb29nbGUubWFwcy5wbGFjZXMudjEuUGxhY2VzLlNlYXJjaFRleHQQAhgEIAA,OPERATIONAL,6.0
24/7 Dental - Emergency Dental Care,"973 Shadeland Ave, Indianapolis, IN 46219, USA",4.7,1240,https://247dental.com/indianapolis-in-shadeland/,https://maps.google.com/?cid=10226919407665174781&g_mp=Cidnb29nbGUubWFwcy5wbGFjZXMudjEuUGxhY2VzLlNlYXJjaFRleHQQAhgEIAA,OPERATIONAL,6.0
Westend Dental,"3611 W 16th St, Indianapolis, IN 46222, USA",4.7,932,https://www.mywestenddental.com/,https://maps.google.com/?cid=5622598229357566998&g_mp=Cidnb29nbGUubWFwcy5wbGFjZXMudjEuUGxhY2VzLlNlYXJjaFRleHQQAhgEIAA,OPERATIONAL,6.0
Springhurst Hills Dentistry,"10494 Westport Rd Ste 107, Louisville, KY 40241, USA",4.7,187,https://springhursthillsdentistry.com/,https://maps.google.com/?cid=7143504929348504271&g_mp=Cidnb29nbGUubWFwcy5wbGFjZXMudjEuUGxhY2VzLlNlYXJjaFRleHQQAhgEIAA,OPERATIONAL,6.0
Ty's Automotive,"5050 N Keystone Ave, Indianapolis, IN 46205, USA",4.7,257,http://tysauto.com/,https://maps.google.com/?cid=18133743788722713735&g_mp=Cidnb29nbGUubWFwcy5wbGFjZXMudjEuUGxhY2VzLlNlYXJjaFRleHQQAhgEIAA,OPERATIONAL,6.0
Autohaus Merkle,"3663 W Michigan St, Indianapolis, IN 46222, USA",4.7,297,http://www.autohausmerkle.com/,https://maps.google.com/?cid=1567095747729130424&g_mp=Cidnb29nbGUubWFwcy5wbGFjZXMudjEuUGxhY2VzLlNlYXJjaFRleHQQAhgEIAA,OPERATIONAL,6.0
Discount Auto Repair,"12114 E Washington St, Indianapolis, IN 46229, USA",4.7,163,http://discountautorepairin.com/,https://maps.google.com/?cid=17042543937530481191&g_mp=Cidnb29nbGUubWFwcy5wbGFjZXMudjEuUGxhY2VzLlNlYXJjaFRleHQQAhgEIAA,OPERATIONAL,6.0
ASG Automotive,"5841 Thunderbird Rd Ste.3, Indianapolis, IN 46236, USA",4.7,557,https://asgindy.com/?utm_campaign=gmb&utm_medium=traffic&utm_source=gmb,https://maps.google.com/?cid=18408299838970099988&g_mp=Cidnb29nbGUubWFwcy5wbGFjZXMudjEuUGxhY2VzLlNlYXJjaFRleHQQAhgEIAA,OPERATIONAL,6.0
"Sal's Heating & Cooling, Plumbing & Sewer","5570 Shepherdsville Rd, Louisville, KY 40228, USA",4.7,558,https://salslouisville.com/,https://maps.google.com/?cid=5897133380336031969&g_mp=Cidnb29nbGUubWFwcy5wbGFjZXMudjEuUGxhY2VzLlNlYXJjaFRleHQQAhgEIAA,OPERATIONAL,6.0
Emergency Dental of Nashville,"15576 Old Hickory Blvd, Nashville, TN 37211, USA",4.7,1268,https://emergencydentalofnashville.com/,https://maps.google.com/?cid=9333098763927016472&g_mp=Cidnb29nbGUubWFwcy5wbGFjZXMudjEuUGxhY2VzLlNlYXJjaFRleHQQAhgEIAA,OPERATIONAL,6.0
Downtown Dental Nashville,"101 Union St N, Nashville, TN 37201, USA",4.7,409,https://www.downtowndentalnashville.com/?utm_source=google&utm_medium=organic&utm_campaign=gmb,https://maps.google.com/?cid=16295939438168872897&g_mp=Cidnb29nbGUubWFwcy5wbGFjZXMudjEuUGxhY2VzLlNlYXJjaFRleHQQAhgEIAA,OPERATIONAL,6.0
Tony's Brake & Alignment,"4800 Poplar Level Rd, Louisville, KY 40213, USA",4.7,1067,http://www.tonysbrake.com/,https://maps.google.com/?cid=4401929834003964343&g_mp=Cidnb29nbGUubWFwcy5wbGFjZXMudjEuUGxhY2VzLlNlYXJjaFRleHQQAhgEIAA,OPERATIONAL,6.0
Barnes Auto Service,"3800 Bishop Ln, Louisville, KY 40218, USA",4.7,415,https://www.barnesautoservice.com/,https://maps.google.com/?cid=1609200327288262393&g_mp=Cidnb29nbGUubWFwcy5wbGFjZXMudjEuUGxhY2VzLlNlYXJjaFRleHQQAhgEIAA,OPERATIONAL,6.0
Springdale Automotive Centers,"8005 Brownsboro Rd, Louisville, KY 40241, USA",4.7,490,https://www.greatwater360autocare.com/shops/springdale-automotive-brownsboro,https://maps.google.com/?cid=16186400624146659695&g_mp=Cidnb29nbGUubWFwcy5wbGFjZXMudjEuUGxhY2VzLlNlYXJjaFRleHQQAhgEIAA,OPERATIONAL,6.0
ImportDoktor,"1387 Lexington Rd, Louisville, KY 40206, USA",4.7,305,http://www.importdoktor.com/,https://maps.google.com/?cid=9118265355940175021&g_mp=Cidnb29nbGUubWFwcy5wbGFjZXMudjEuUGxhY2VzLlNlYXJjaFRleHQQAhgEIAA,OPERATIONAL,6.0
Aire Serv of Nashville,"475 Metroplex Dr Suite 101-B, Nashville, TN 37211, USA",4.7,347,https://www.aireserv.com/nashville/?cid=LSTL_ASV-US000187&utm_source=gmb&utm_campaign=local&utm_medium=organic,https://maps.google.com/?cid=1292814314007809831&g_mp=Cidnb29nbGUubWFwcy5wbGFjZXMudjEuUGxhY2VzLlNlYXJjaFRleHQQAhgEIAA,OPERATIONAL,6.0
Maynard Plumbing Heating and Cooling,"1814 State St, Nashville, TN 37203, USA",4.7,1442,https://themaynardman.com/?utm_source=google&utm_medium=gbp&se_campaign=gbp,https://maps.google.com/?cid=13806166317920842887&g_mp=Cidnb29nbGUubWFwcy5wbGFjZXMudjEuUGxhY2VzLlNlYXJjaFRleHQQAhgEIAA,OPERATIONAL,6.0
Mortenson Family Dental,"1430 Poplar Level Rd, Louisville, KY 40217, USA",4.8,888,https://mortensondental.com/locations/audubon/,https://maps.google.com/?cid=163091035935473503&g_mp=Cidnb29nbGUubWFwcy5wbGFjZXMudjEuUGxhY2VzLlNlYXJjaFRleHQQAhgEIAA,OPERATIONAL,4.0
St. Matthews Dental Care,"100 Marshall Dr, Louisville, KY 40207, USA",4.8,977,http://stmatthewsdental.com/?utm_source=gbp&utm_medium=organic&utm_campaign=yext_listing,https://maps.google.com/?cid=14263929541827929723&g_mp=Cidnb29nbGUubWFwcy5wbGFjZXMudjEuUGxhY2VzLlNlYXJjaFRleHQQAhgEIAA,OPERATIONAL,4.0
Crescent Hill Dental Care,"2416 Frankfort Ave Ste 3, Louisville, KY 40206, USA",4.8,786,http://crescenthilldentalcare.com/?utm_source=gbp&utm_medium=organic&utm_campaign=yext_listing,https://maps.google.com/?cid=17580313001772413864&g_mp=Cidnb29nbGUubWFwcy5wbGFjZXMudjEuUGxhY2VzLlNlYXJjaFRleHQQAhgEIAA,OPERATIONAL,4.0
St. Matthews Family Dental,"156 Thierman Ln, Louisville, KY 40207, USA",4.8,627,https://familydental502.com/,https://maps.google.com/?cid=9272654900879278907&g_mp=Cidnb29nbGUubWFwcy5wbGFjZXMudjEuUGxhY2VzLlNlYXJjaFRleHQQAhgEIAA,OPERATIONAL,4.0
Downtown Car Care Center,"725 N Capitol Ave, Indianapolis, IN 46204, USA",4.8,389,http://downtowncarcarecenter.com/,https://maps.google.com/?cid=7812539945694862131&g_mp=Cidnb29nbGUubWFwcy5wbGFjZXMudjEuUGxhY2VzLlNlYXJjaFRleHQQAhgEIAA,OPERATIONAL,4.0
Tyler Automotive,"2801 E 62nd St, Indianapolis, IN 46220, USA",4.8,652,https://www.tylerautoindy.com/,https://maps.google.com/?cid=15549542320225570739&g_mp=Cidnb29nbGUubWFwcy5wbGFjZXMudjEuUGxhY2VzLlNlYXJjaFRleHQQAhgEIAA,OPERATIONAL,4.0
Malless Auto Service,"4525 W 71st St, Indianapolis, IN 46268, USA",4.8,858,https://mainstreetauto.com/location/malless-automotive/,https://maps.google.com/?cid=11926814801904904998&g_mp=Cidnb29nbGUubWFwcy5wbGFjZXMudjEuUGxhY2VzLlNlYXJjaFRleHQQAhgEIAA,OPERATIONAL,4.0
Professional Automotive Inc,"7013 E 86th St, Indianapolis, IN 46250, USA",4.8,624,http://professionalautomotiveinc.com/,https://maps.google.com/?cid=10010657609000054768&g_mp=Cidnb29nbGUubWFwcy5wbGFjZXMudjEuUGxhY2VzLlNlYXJjaFRleHQQAhgEIAA,OPERATIONAL,4.0
A & Z Auto Repair & Tires,"1930 Lafayette Rd, Indianapolis, IN 46222, USA",4.8,240,,https://maps.google.com/?cid=14268228348886214495&g_mp=Cidnb29nbGUubWFwcy5wbGFjZXMudjEuUGxhY2VzLlNlYXJjaFRleHQQAhgEIAA,OPERATIONAL,4.0
"Jarboe's Heating, Cooling, Plumbing & Electrical","4111 Champions Trace Ln, Louisville, KY 40218, USA",4.8,5943,https://jarboes.com/?utm_campaign=gmb_msg-lou_home_everyone_main&utm_medium=gmb&utm_source=google,https://maps.google.com/?cid=13095468784178883814&g_mp=Cidnb29nbGUubWFwcy5wbGFjZXMudjEuUGxhY2VzLlNlYXJjaFRleHQQAhgEIAA,OPERATIONAL,4.0
Aire Serv of Louisville,"2540 Ridgemar Ct Ste 101, Louisville, KY 40299, USA",4.8,1095,https://www.aireserv.com/louisville/?cid=LSTL_ASV-US000187&utm_source=gmb&utm_campaign=local&utm_medium=organic,https://maps.google.com/?cid=7894425184019684465&g_mp=Cidnb29nbGUubWFwcy5wbGFjZXMudjEuUGxhY2VzLlNlYXJjaFRleHQQAhgEIAA,OPERATIONAL,4.0
Prudential Heating & Air Conditioning,"3302 Gilmore Industrial Blvd, Louisville, KY 40213, USA",4.8,767,http://www.prudentialhvac.com/,https://maps.google.com/?cid=1173787561068670877&g_mp=Cidnb29nbGUubWFwcy5wbGFjZXMudjEuUGxhY2VzLlNlYXJjaFRleHQQAhgEIAA,OPERATIONAL,4.0
A+ Derr Heating & Cooling,"1225 Gardiner Ln, Louisville, KY 40213, USA",4.8,2335,https://aplusderr.com/?utm_source=GMB&utm_medium=organic&utm_campaign=GMB-Louisville-Gardiner,https://maps.google.com/?cid=8005593211302992428&g_mp=Cidnb29nbGUubWFwcy5wbGFjZXMudjEuUGxhY2VzLlNlYXJjaFRleHQQAhgEIAA,OPERATIONAL,4.0
"Tom Drexler Plumbing, Air & Electric","3718 Bardstown Rd, Louisville, KY 40218, USA",4.8,21126,https://tomdrexlerplumbing.com/?utm_source=google&utm_medium=organic&utm_campaign=GMBListing-Louisville-KY,https://maps.google.com/?cid=5399725332230035537&g_mp=Cidnb29nbGUubWFwcy5wbGFjZXMudjEuUGxhY2VzLlNlYXJjaFRleHQQAhgEIAA,OPERATIONAL,4.0
"Bryant Heating, Cooling, Plumbing, & Electric","4531 Bishop Ln, Louisville, KY 40218, USA",4.8,6404,http://www.callbryant.com/?utm_source=google&utm_medium=organic&utm_campaign=GMBListing-Louisville-KY,https://maps.google.com/?cid=16349842807749267229&g_mp=Cidnb29nbGUubWFwcy5wbGFjZXMudjEuUGxhY2VzLlNlYXJjaFRleHQQAhgEIAA,OPERATIONAL,4.0
Absolute Services,"3600 Chamberlain Ln #720, Louisville, KY 40241, USA",4.8,4831,https://absoluteservices.net/areas-served/louisville/?utm_source=google-gbp&utm_medium=organic&utm_campaign=*312*absolute-services-louisville,https://maps.google.com/?cid=13781496859035655225&g_mp=Cidnb29nbGUubWFwcy5wbGFjZXMudjEuUGxhY2VzLlNlYXJjaFRleHQQAhgEIAA,OPERATIONAL,4.0
Dauenhauer Plumbing Heating Air & Electric,"3416 Robards Ct, Louisville, KY 40218, USA",4.8,9147,https://dauenhauerplumbing.com/service-areas/louisville/?utm_source=gbp&utm_medium=organic&utm_campaign=gbp-listing,https://maps.google.com/?cid=13260817927463520182&g_mp=Cidnb29nbGUubWFwcy5wbGFjZXMudjEuUGxhY2VzLlNlYXJjaFRleHQQAhgEIAA,OPERATIONAL,4.0
Peterman Brothers Heating Cooling Plumbing,"4324 Bishop Ln, Louisville, KY 40218, USA",4.8,1289,https://petermanhvac.com/louisville/?utm_source=gmb-louisville&utm_medium=organic,https://maps.google.com/?cid=4521134628101339876&g_mp=Cidnb29nbGUubWFwcy5wbGFjZXMudjEuUGxhY2VzLlNlYXJjaFRleHQQAhgEIAA,OPERATIONAL,4.0
Dentistry of Nashville,"2125 Blakemore Ave, Nashville, TN 37212, USA",4.8,1048,https://dentistryofnashville.com/,https://maps.google.com/?cid=8237350097585149142&g_mp=Cidnb29nbGUubWFwcy5wbGFjZXMudjEuUGxhY2VzLlNlYXJjaFRleHQQAhgEIAA,OPERATIONAL,4.0
Smiles Up Dentistry,"1916 Patterson St Ste 712, Nashville, TN 37203, USA",4.8,982,http://nashvillesmilesup.com/,https://maps.google.com/?cid=3407933732767955181&g_mp=Cidnb29nbGUubWFwcy5wbGFjZXMudjEuUGxhY2VzLlNlYXJjaFRleHQQAhgEIAA,OPERATIONAL,4.0
Nashville Family Dentistry,"5802 Nolensville Pk #201, Nashville, TN 37211, USA",4.8,444,https://familydentistrynashville.com/locations/nashville/,https://maps.google.com/?cid=10119437683474857939&g_mp=Cidnb29nbGUubWFwcy5wbGFjZXMudjEuUGxhY2VzLlNlYXJjaFRleHQQAhgEIAA,OPERATIONAL,4.0
Roach Family Dentistry & Associates,"3824 Bedford Ave, Nashville, TN 37215, USA",4.8,1087,https://www.greenhillsdentist.net/,https://maps.google.com/?cid=3026632638733712861&g_mp=Cidnb29nbGUubWFwcy5wbGFjZXMudjEuUGxhY2VzLlNlYXJjaFRleHQQAhgEIAA,OPERATIONAL,4.0
Nashville Auto Repair,"2609 8th Ave S, Nashville, TN 37204, USA",4.8,1010,http://nashvilleautorepair.club/,https://maps.google.com/?cid=4864992292730240467&g_mp=Cidnb29nbGUubWFwcy5wbGFjZXMudjEuUGxhY2VzLlNlYXJjaFRleHQQAhgEIAA,OPERATIONAL,4.0
Phoenix Auto Repair,"725 Calhoun Ave, Nashville, TN 37210, USA",4.8,678,https://phoenixautonashville.com/?utm_source=google&utm_medium=organic&utm_campaign=digital_domination_gbp,https://maps.google.com/?cid=7762806417700438270&g_mp=Cidnb29nbGUubWFwcy5wbGFjZXMudjEuUGxhY2VzLlNlYXJjaFRleHQQAhgEIAA,OPERATIONAL,4.0
Automotive Solutions,"609 Napoleon Ave, Nashville, TN 37211, USA",4.8,159,https://www.automotivesolutionsnashville.com/,https://maps.google.com/?cid=6804793205496146679&g_mp=Cidnb29nbGUubWFwcy5wbGFjZXMudjEuUGxhY2VzLlNlYXJjaFRleHQQAhgEIAA,OPERATIONAL,4.0
Lawson & Son Auto Repair,"5137 Harding Pike, Nashville, TN 37205, USA",4.8,248,http://www.lawsonandsonautorepair.com/,https://maps.google.com/?cid=8662575581110308367&g_mp=Cidnb29nbGUubWFwcy5wbGFjZXMudjEuUGxhY2VzLlNlYXJjaFRleHQQAhgEIAA,OPERATIONAL,4.0
Automotive RX,"3813 Nolensville Pk, Nashville, TN 37211, USA",4.8,204,https://automotiverx.com/,https://maps.google.com/?cid=14819217063622561555&g_mp=Cidnb29nbGUubWFwcy5wbGFjZXMudjEuUGxhY2VzLlNlYXJjaFRleHQQAhgEIAA,OPERATIONAL,4.0
Import Auto Maintenance,"490 Craighead St, Nashville, TN 37204, USA",4.8,240,https://www.importautomaintenance.com/,https://maps.google.com/?cid=3294059409348737322&g_mp=Cidnb29nbGUubWFwcy5wbGFjZXMudjEuUGxhY2VzLlNlYXJjaFRleHQQAhgEIAA,OPERATIONAL,4.0
Essy Auto Service LLC,"4717 Nolensville Pk, Nashville, TN 37211, USA",4.8,263,http://essyauto.com/,https://maps.google.com/?cid=15784206039398341626&g_mp=Cidnb29nbGUubWFwcy5wbGFjZXMudjEuUGxhY2VzLlNlYXJjaFRleHQQAhgEIAA,OPERATIONAL,4.0
One Hour Heating & Air Conditioning,"4040 Industrial Blvd, Indianapolis, IN 46254, USA",4.8,8038,https://www.onehourheatandair.com/indianapolis/?utm_source=GMB&utm_medium=organic&utm_campaign=gbp_main,https://maps.google.com/?cid=1302887971056883789&g_mp=Cidnb29nbGUubWFwcy5wbGFjZXMudjEuUGxhY2VzLlNlYXJjaFRleHQQAhgEIAA,OPERATIONAL,4.0
Williams Comfort Air - Heating Cooling Plumbing Electrical,"10640 E 59th St, Indianapolis, IN 46236, USA",4.8,1833,https://williamscomfortair.com/location/lawrence-indiana/?utm_campaign=gmb_msg-wca_home_everyone_east&utm_medium=gmb&utm_source=google,https://maps.google.com/?cid=13775502166194891761&g_mp=Cidnb29nbGUubWFwcy5wbGFjZXMudjEuUGxhY2VzLlNlYXJjaFRleHQQAhgEIAA,OPERATIONAL,4.0
"Service Plus Heating, Cooling, Plumbing & Electrical","10255 Commerce Dr Ste 253, Carmel, IN 46032, USA",4.8,5397,https://serviceplusnow.com/?se_campaign=google_gmb&utm_campaign=gmb&utm_medium=organic&utm_source=google,https://maps.google.com/?cid=3395617283023209897&g_mp=Cidnb29nbGUubWFwcy5wbGFjZXMudjEuUGxhY2VzLlNlYXJjaFRleHQQAhgEIAA,OPERATIONAL,4.0
Service Experts Indianapolis,"8227 Northwest Blvd Ste 300, Indianapolis, IN 46278, USA",4.8,2083,https://www.serviceexperts.com/indianapolis-in/?utm_source=gbp&utm_medium=organic&utm_campaign=brand,https://maps.google.com/?cid=10706313365068286637&g_mp=Cidnb29nbGUubWFwcy5wbGFjZXMudjEuUGxhY2VzLlNlYXJjaFRleHQQAhgEIAA,OPERATIONAL,4.0
Armor Air,"2461 Directors Row Ste B, Indianapolis, IN 46241, USA",4.8,1093,https://www.armorair.com/?utm_source=google&utm_medium=organic&utm_campaign=Indianapolis,https://maps.google.com/?cid=6179192622342221742&g_mp=Cidnb29nbGUubWFwcy5wbGFjZXMudjEuUGxhY2VzLlNlYXJjaFRleHQQAhgEIAA,OPERATIONAL,4.0
Williams Comfort Air - Heating Cooling Plumbing Electrical,"1033 3rd Ave SW Ste 205, Carmel, IN 46032, USA",4.8,6705,https://williamscomfortair.com/location/carmel-indiana/?utm_campaign=gmb_msg-wca_home_everyone_main&utm_medium=gmb&utm_source=google,https://maps.google.com/?cid=11272764478941143769&g_mp=Cidnb29nbGUubWFwcy5wbGFjZXMudjEuUGxhY2VzLlNlYXJjaFRleHQQAhgEIAA,OPERATIONAL,4.0
Louisville Automotive Shop,"4409 Bardstown Rd, Louisville, KY 40218, USA",4.8,841,https://www.louisvilleautomotiveshop.com/,https://maps.google.com/?cid=8742943741292985816&g_mp=Cidnb29nbGUubWFwcy5wbGFjZXMudjEuUGxhY2VzLlNlYXJjaFRleHQQAhgEIAA,OPERATIONAL,4.0
SMI Automotive Service,"280 N Hubbards Ln, Louisville, KY 40207, USA",4.8,720,https://smiky.com/,https://maps.google.com/?cid=216830612329718935&g_mp=Cidnb29nbGUubWFwcy5wbGFjZXMudjEuUGxhY2VzLlNlYXJjaFRleHQQAhgEIAA,OPERATIONAL,4.0
Car Fix Louisville,"5411 New Cut Rd, Louisville, KY 40214, USA",4.8,1570,https://www.carfixlouisville.com/?utm_source=yext&utm_medium=local&utm_campaign=local,https://maps.google.com/?cid=12868572901188165254&g_mp=Cidnb29nbGUubWFwcy5wbGFjZXMudjEuUGxhY2VzLlNlYXJjaFRleHQQAhgEIAA,OPERATIONAL,4.0
Service Experts Nashville,"2930 Sidco Dr, Nashville, TN 37204, USA",4.8,5803,https://www.serviceexperts.com/nashville-tn/?utm_source=gbp&utm_medium=organic&utm_campaign=brand,https://maps.google.com/?cid=9394787099307000324&g_mp=Cidnb29nbGUubWFwcy5wbGFjZXMudjEuUGxhY2VzLlNlYXJjaFRleHQQAhgEIAA,OPERATIONAL,4.0
Hoffmann Brothers,"45 Willow St, Nashville, TN 37210, USA",4.8,2344,https://www.hoffmannbros.com/nashville?utm_source=google&utm_medium=organic&utm_campaign=google_business_profile_nashville,https://maps.google.com/?cid=9502797653267020045&g_mp=Cidnb29nbGUubWFwcy5wbGFjZXMudjEuUGxhY2VzLlNlYXJjaFRleHQQAhgEIAA,OPERATIONAL,4.0
One Hour Heating & Air Conditioning,"1420 Donelson Pike # A10, Nashville, TN 37217, USA",4.8,1616,https://www.onehourheatandair.com/nashville/?utm_source=gbp&utm_medium=organic&utm_campaign=638772_-OH0010-,https://maps.google.com/?cid=9038082078690787999&g_mp=Cidnb29nbGUubWFwcy5wbGFjZXMudjEuUGxhY2VzLlNlYXJjaFRleHQQAhgEIAA,OPERATIONAL,4.0
"Air Conditioning Service, Inc","414 McNally Dr, Nashville, TN 37211, USA",4.8,268,https://greentrucks.com/?utm_source=google_business_listing&utm_medium=organic&utm_campaign=click_to_website,https://maps.google.com/?cid=15254691456834076765&g_mp=Cidnb29nbGUubWFwcy5wbGFjZXMudjEuUGxhY2VzLlNlYXJjaFRleHQQAhgEIAA,OPERATIONAL,4.0
"Hiller Plumbing, Heating, Cooling & Electrical","915 Murfreesboro Pike, Nashville, TN 37217, USA",4.8,9797,https://happyhiller.com/locations/nashville/?utm_source=gmb&utm_medium=localseo&utm_campaign=local&se_campaign=Internet-LocalSEO,https://maps.google.com/?cid=14726538528439754380&g_mp=Cidnb29nbGUubWFwcy5wbGFjZXMudjEuUGxhY2VzLlNlYXJjaFRleHQQAhgEIAA,OPERATIONAL,4.0
"Coolray Heating, Cooling, Plumbing & Electrical","1717 Elm Hill Pike Ste B2, Nashville, TN 37210, USA",4.8,3906,https://www.coolray.com/tn/nashville,https://maps.google.com/?cid=11737924412946121635&g_mp=Cidnb29nbGUubWFwcy5wbGFjZXMudjEuUGxhY2VzLlNlYXJjaFRleHQQAhgEIAA,OPERATIONAL,4.0
"MJ Frick Company, Inc.","3651 Trousdale Dr, Nashville, TN 37204, USA",4.8,1018,https://www.mjfrickco.com/,https://maps.google.com/?cid=11871786567979074248&g_mp=Cidnb29nbGUubWFwcy5wbGFjZXMudjEuUGxhY2VzLlNlYXJjaFRleHQQAhgEIAA,OPERATIONAL,4.0
Mass Ave Family Dentistry,"310 N Delaware St, Indianapolis, IN 46204, USA",4.9,508,https://holisticdentistindianapolis.com/?utm_source=GMB&utm_medium=organic&utm_campaign=DevOptimization&utm_content=Website,https://maps.google.com/?cid=5825911377405206426&g_mp=Cidnb29nbGUubWFwcy5wbGFjZXMudjEuUGxhY2VzLlNlYXJjaFRleHQQAhgEIAA,OPERATIONAL,2.0
Decatur Family Dentistry LLC,"5021 Kentucky Ave # G, Indianapolis, IN 46221, USA",4.9,1080,https://www.mydecaturdental.com/,https://maps.google.com/?cid=6568771603704341809&g_mp=Cidnb29nbGUubWFwcy5wbGFjZXMudjEuUGxhY2VzLlNlYXJjaFRleHQQAhgEIAA,OPERATIONAL,2.0
East Indy Dental Care,"5607 E Washington St, Indianapolis, IN 46219, USA",4.9,620,https://www.eastindydentalcare.com/?utm_source=gbp-organic&utm_medium=website-click&utm_campaign=local-seo,https://maps.google.com/?cid=8445200175489312506&g_mp=Cidnb29nbGUubWFwcy5wbGFjZXMudjEuUGxhY2VzLlNlYXJjaFRleHQQAhgEIAA,OPERATIONAL,2.0
Westend Dental,"3636 E 38th St, Indianapolis, IN 46218, USA",4.9,891,https://www.mywestenddental.com/,https://maps.google.com/?cid=16176569641789402926&g_mp=Cidnb29nbGUubWFwcy5wbGFjZXMudjEuUGxhY2VzLlNlYXJjaFRleHQQAhgEIAA,OPERATIONAL,2.0
Indianapolis Dental Designs,"8801 N Meridian St Ste 300, Indianapolis, IN 46260, USA",4.9,669,http://indianapolisdentaldesigns.com/?utm_source=gbp&utm_medium=organic&utm_campaign=yext_listing,https://maps.google.com/?cid=4904901929776383248&g_mp=Cidnb29nbGUubWFwcy5wbGFjZXMudjEuUGxhY2VzLlNlYXJjaFRleHQQAhgEIAA,OPERATIONAL,2.0
Detail Dental,"777 Beachway Dr #202, Indianapolis, IN 46224, USA",4.9,602,https://www.detaildental.com/,https://maps.google.com/?cid=52378032604581731&g_mp=Cidnb29nbGUubWFwcy5wbGFjZXMudjEuUGxhY2VzLlNlYXJjaFRleHQQAhgEIAA,OPERATIONAL,2.0
Southeast Family Dental,"6020 Southeastern Ave, Indianapolis, IN 46203, USA",4.9,893,https://www.southeastfamilydental.com/?utm_source=local&utm_medium=organic&utm_campaign=gbp_home,https://maps.google.com/?cid=13969356825933460110&g_mp=Cidnb29nbGUubWFwcy5wbGFjZXMudjEuUGxhY2VzLlNlYXJjaFRleHQQAhgEIAA,OPERATIONAL,2.0
Clarity Dentistry,"6835 E Southport Rd Ste H, Indianapolis, IN 46237, USA",4.9,714,https://www.claritydentistry.com/?utm_source=gbp-organic&utm_medium=website-click&utm_campaign=local-seo,https://maps.google.com/?cid=4774446854633023292&g_mp=Cidnb29nbGUubWFwcy5wbGFjZXMudjEuUGxhY2VzLlNlYXJjaFRleHQQAhgEIAA,OPERATIONAL,2.0
Martin Dentistry Broad Ripple,"1724 Broad Ripple Ave, Indianapolis, IN 46220, USA",4.9,590,https://martindentists.com/indianapolis-dental-office?utm_source=google&utm_medium=organic&utm_campaign=gbp,https://maps.google.com/?cid=16431993218368412887&g_mp=Cidnb29nbGUubWFwcy5wbGFjZXMudjEuUGxhY2VzLlNlYXJjaFRleHQQAhgEIAA,OPERATIONAL,2.0
Downtown Dental Group,"201 N Illinois St #1770, Indianapolis, IN 46204, USA",4.9,223,,https://maps.google.com/?cid=11483227148471522648&g_mp=Cidnb29nbGUubWFwcy5wbGFjZXMudjEuUGxhY2VzLlNlYXJjaFRleHQQAhgEIAA,OPERATIONAL,2.0
Renew Dental Arts,"2205 N Delaware St Ste 103, Indianapolis, IN 46205, USA",4.9,425,http://www.renewdentalarts.com/,https://maps.google.com/?cid=4331856153327924672&g_mp=Cidnb29nbGUubWFwcy5wbGFjZXMudjEuUGxhY2VzLlNlYXJjaFRleHQQAhgEIAA,OPERATIONAL,2.0
Elite Smiles of Louisville,"6400 New Dutchmans Pkwy #135, Louisville, KY 40205, USA",4.9,999,https://www.elitesmileslou.com/,https://maps.google.com/?cid=2464652055055180960&g_mp=Cidnb29nbGUubWFwcy5wbGFjZXMudjEuUGxhY2VzLlNlYXJjaFRleHQQAhgEIAA,OPERATIONAL,2.0
The Smile Louisville,"2401 Bardstown Rd Ste A, Louisville, KY 40205, USA",4.9,445,http://www.thesmilelouisville.com/,https://maps.google.com/?cid=482574970536554200&g_mp=Cidnb29nbGUubWFwcy5wbGFjZXMudjEuUGxhY2VzLlNlYXJjaFRleHQQAhgEIAA,OPERATIONAL,2.0
Parkway Family Dental,"4701 Southern Pkwy, Louisville, KY 40214, USA",4.9,685,https://www.pkwyfamilydental.com/?utm_source=google&utm_medium=organic&utm_campaign=gbp,https://maps.google.com/?cid=18221005160893163045&g_mp=Cidnb29nbGUubWFwcy5wbGFjZXMudjEuUGxhY2VzLlNlYXJjaFRleHQQAhgEIAA,OPERATIONAL,2.0
"Strathmoor Family Dentistry, PLLC","2811 Bardstown Rd, Louisville, KY 40205, USA",4.9,151,http://strathmoordentistry.com/,https://maps.google.com/?cid=12735132732727600925&g_mp=Cidnb29nbGUubWFwcy5wbGFjZXMudjEuUGxhY2VzLlNlYXJjaFRleHQQAhgEIAA,OPERATIONAL,2.0
Davis Dental Center,"902 Dupont Rd, Louisville, KY 40207, USA",4.9,355,https://davisdentalcenter.com/,https://maps.google.com/?cid=6269275891645297112&g_mp=Cidnb29nbGUubWFwcy5wbGFjZXMudjEuUGxhY2VzLlNlYXJjaFRleHQQAhgEIAA,OPERATIONAL,2.0
Exceptional Dentistry of Louisville,"415 Benjamin Ln, Louisville, KY 40222, USA",4.9,565,https://kentuckianadental.com/,https://maps.google.com/?cid=2602067583328261036&g_mp=Cidnb29nbGUubWFwcy5wbGFjZXMudjEuUGxhY2VzLlNlYXJjaFRleHQQAhgEIAA,OPERATIONAL,2.0
Key Family Dentistry,"8604 Smyrna Pkwy #100, Louisville, KY 40228, USA",4.9,517,http://www.facebook.com/CScottKeyDmdFamilyDentistry,https://maps.google.com/?cid=7917974095039084059&g_mp=Cidnb29nbGUubWFwcy5wbGFjZXMudjEuUGxhY2VzLlNlYXJjaFRleHQQAhgEIAA,OPERATIONAL,2.0
Mortenson Family Dental,"2105 Weber Ave, Louisville, KY 40205, USA",4.9,639,https://mortensondental.com/locations/highlands/,https://maps.google.com/?cid=4822949057602642758&g_mp=Cidnb29nbGUubWFwcy5wbGFjZXMudjEuUGxhY2VzLlNlYXJjaFRleHQQAhgEIAA,OPERATIONAL,2.0
First Choice Dental Center,"3831 Ruckriegel Pkwy #103, Louisville, KY 40299, USA",4.9,484,https://www.firstchoicedentalky.com/,https://maps.google.com/?cid=903720450376674380&g_mp=Cidnb29nbGUubWFwcy5wbGFjZXMudjEuUGxhY2VzLlNlYXJjaFRleHQQAhgEIAA,OPERATIONAL,2.0
American Auto Repair,"5860 Brookville Rd, Indianapolis, IN 46219, USA",4.9,236,https://www.americanautorepairs.com/,https://maps.google.com/?cid=9674384283936433781&g_mp=Cidnb29nbGUubWFwcy5wbGFjZXMudjEuUGxhY2VzLlNlYXJjaFRleHQQAhgEIAA,OPERATIONAL,2.0
THE AUTO CENTER,"7006 Southeastern Ave, Indianapolis, IN 46239, USA",4.9,662,,https://maps.google.com/?cid=5856834405696475507&g_mp=Cidnb29nbGUubWFwcy5wbGFjZXMudjEuUGxhY2VzLlNlYXJjaFRleHQQAhgEIAA,OPERATIONAL,2.0
Dave's Mechanic Shop (DMS),"601 S Tibbs Ave, Indianapolis, IN 46241, USA",4.9,211,https://www.daveshopindy.com/,https://maps.google.com/?cid=6771236542099587995&g_mp=Cidnb29nbGUubWFwcy5wbGFjZXMudjEuUGxhY2VzLlNlYXJjaFRleHQQAhgEIAA,OPERATIONAL,2.0
Element Air Heating and Cooling,"4510 Illinois Ave, Louisville, KY 40213, USA",4.9,582,https://elementairco.com/?utm_source=google&utm_medium=organic&utm_term=gbp,https://maps.google.com/?cid=10752989479965032132&g_mp=Cidnb29nbGUubWFwcy5wbGFjZXMudjEuUGxhY2VzLlNlYXJjaFRleHQQAhgEIAA,OPERATIONAL,2.0
Allgeier Air,"804 N English Station Rd, Louisville, KY 40223, USA",4.9,892,https://louisvilleair.com/?utm_campaign=gmb,https://maps.google.com/?cid=8855398938553877460&g_mp=Cidnb29nbGUubWFwcy5wbGFjZXMudjEuUGxhY2VzLlNlYXJjaFRleHQQAhgEIAA,OPERATIONAL,2.0
One Choice Mechanical,"8611 National Tpke, Fairdale, KY 40118, USA",4.9,1203,https://ocmech.com/?utm_source=google&utm_medium=organic&utm_campaign=local+listings,https://maps.google.com/?cid=18225739798189418672&g_mp=Cidnb29nbGUubWFwcy5wbGFjZXMudjEuUGxhY2VzLlNlYXJjaFRleHQQAhgEIAA,OPERATIONAL,2.0
Elder Heating and Air,"5800 Fern Valley Rd #100, Louisville, KY 40228, USA",4.9,585,https://www.elderheatingandair.com/,https://maps.google.com/?cid=617475275447670947&g_mp=Cidnb29nbGUubWFwcy5wbGFjZXMudjEuUGxhY2VzLlNlYXJjaFRleHQQAhgEIAA,OPERATIONAL,2.0
C & L Heating and Air,"16321 Dry Ridge Rd, Louisville, KY 40299, USA",4.9,300,https://www.derbycityhvac.com/,https://maps.google.com/?cid=3565886146241992510&g_mp=Cidnb29nbGUubWFwcy5wbGFjZXMudjEuUGxhY2VzLlNlYXJjaFRleHQQAhgEIAA,OPERATIONAL,2.0
Air Comfort of KY,"3904 Bishop Ln, Louisville, KY 40218, USA",4.9,377,http://www.aircomfortofky.com/,https://maps.google.com/?cid=5695971391937297404&g_mp=Cidnb29nbGUubWFwcy5wbGFjZXMudjEuUGxhY2VzLlNlYXJjaFRleHQQAhgEIAA,OPERATIONAL,2.0
Breckinridge Heating & Cooling,"6500 Outer Loop #5, Louisville, KY 40228, USA",4.9,518,https://breckinridgeheatingandcooling.com/services/ac-repair/?utm_source=google&utm_campaign=gmb,https://maps.google.com/?cid=5760523119631824184&g_mp=Cidnb29nbGUubWFwcy5wbGFjZXMudjEuUGxhY2VzLlNlYXJjaFRleHQQAhgEIAA,OPERATIONAL,2.0
Dr. P's HVAC Heating & Air Conditioning,"6432 KY-146, Crestwood, KY 40014, USA",4.9,740,http://www.drpshvac.com/,https://maps.google.com/?cid=3517927451773707431&g_mp=Cidnb29nbGUubWFwcy5wbGFjZXMudjEuUGxhY2VzLlNlYXJjaFRleHQQAhgEIAA,OPERATIONAL,2.0
UR Best HVAC,"405 Lakeview Trail, Shepherdsville, KY 40165, USA",4.9,154,https://www.urbesthvac.com/,https://maps.google.com/?cid=15851090494370178488&g_mp=Cidnb29nbGUubWFwcy5wbGFjZXMudjEuUGxhY2VzLlNlYXJjaFRleHQQAhgEIAA,OPERATIONAL,2.0
Iroquois Dentistry,"5115 Harding Pike Ste 101, Nashville, TN 37205, USA",4.9,1381,https://www.ifdnashville.com/,https://maps.google.com/?cid=12814975568490629030&g_mp=Cidnb29nbGUubWFwcy5wbGFjZXMudjEuUGxhY2VzLlNlYXJjaFRleHQQAhgEIAA,OPERATIONAL,2.0
Gulch Dental Studio,"224 11th Ave S, Nashville, TN 37203, USA",4.9,733,https://www.gulchdentalstudio.com/,https://maps.google.com/?cid=10303388224527692777&g_mp=Cidnb29nbGUubWFwcy5wbGFjZXMudjEuUGxhY2VzLlNlYXJjaFRleHQQAhgEIAA,OPERATIONAL,2.0
"Belle Meade Family Dentistry - Nashville, TN","104 Kenner Ave #101, Nashville, TN 37205, USA",4.9,888,https://www.bellemeadedental.com/,https://maps.google.com/?cid=10956967894583079475&g_mp=Cidnb29nbGUubWFwcy5wbGFjZXMudjEuUGxhY2VzLlNlYXJjaFRleHQQAhgEIAA,OPERATIONAL,2.0
"Music City Dental: Family, Cosmetic, & Implant Dentistry PLLC","808 Kirkwood Ave, Nashville, TN 37204, USA",4.9,679,https://www.musiccitydental.com/,https://maps.google.com/?cid=13291849714641131746&g_mp=Cidnb29nbGUubWFwcy5wbGFjZXMudjEuUGxhY2VzLlNlYXJjaFRleHQQAhgEIAA,OPERATIONAL,2.0
"Jerry Hancock, DMD","2505 21st Ave S Fl 5, Nashville, TN 37212, USA",4.9,409,http://nashvilledentistdrhancock.com/,https://maps.google.com/?cid=10469188991770905665&g_mp=Cidnb29nbGUubWFwcy5wbGFjZXMudjEuUGxhY2VzLlNlYXJjaFRleHQQAhgEIAA,OPERATIONAL,2.0
Midtown Smiles,"310 23rd Ave N #101, Nashville, TN 37203, USA",4.9,789,https://www.midtownsmilestn.com/,https://maps.google.com/?cid=11572892278791229262&g_mp=Cidnb29nbGUubWFwcy5wbGFjZXMudjEuUGxhY2VzLlNlYXJjaFRleHQQAhgEIAA,OPERATIONAL,2.0
Vitality Dental,"2708 Old Elm Hill Pike, Nashville, TN 37214, USA",4.9,1327,https://vitalitydentaltn.com/?utm_source=google&utm_medium=gbp&utm_campaign=google_business,https://maps.google.com/?cid=1623129698433944059&g_mp=Cidnb29nbGUubWFwcy5wbGFjZXMudjEuUGxhY2VzLlNlYXJjaFRleHQQAhgEIAA,OPERATIONAL,2.0
Smile On Nashville,"1914 Charlotte Ave #104, Nashville, TN 37203, USA",4.9,276,https://smileonnashville.com/,https://maps.google.com/?cid=10664114563161549401&g_mp=Cidnb29nbGUubWFwcy5wbGFjZXMudjEuUGxhY2VzLlNlYXJjaFRleHQQAhgEIAA,OPERATIONAL,2.0
Green Hills Family Dentistry,"4301 Hillsboro Pike Ste 315, Nashville, TN 37215, USA",4.9,994,http://greenhillsfamilydentistry.com/?utm_source=gbp&utm_medium=organic&utm_campaign=yext_listing,https://maps.google.com/?cid=16071437177196428704&g_mp=Cidnb29nbGUubWFwcy5wbGFjZXMudjEuUGxhY2VzLlNlYXJjaFRleHQQAhgEIAA,OPERATIONAL,2.0
Same Day Smiles Nashville,"1646 Westgate Cir Ste 100, Brentwood, TN 37027, USA",4.9,462,http://www.samedaysmilesnashville.com/?utm_campaign=gmb,https://maps.google.com/?cid=1901288969570414463&g_mp=Cidnb29nbGUubWFwcy5wbGFjZXMudjEuUGxhY2VzLlNlYXJjaFRleHQQAhgEIAA,OPERATIONAL,2.0
East Side Smiles,"7 N 10th St, Nashville, TN 37206, USA",4.9,492,https://www.eastsidesmiles.net/,https://maps.google.com/?cid=9336808603324773276&g_mp=Cidnb29nbGUubWFwcy5wbGFjZXMudjEuUGxhY2VzLlNlYXJjaFRleHQQAhgEIAA,OPERATIONAL,2.0
Sonrisas Nashville (Dentista),"1009 Murfreesboro Pike #101, Nashville, TN 37217, USA",4.9,766,https://myallsmiles.com/gmb/sonrisas,https://maps.google.com/?cid=10829537589386489437&g_mp=Cidnb29nbGUubWFwcy5wbGFjZXMudjEuUGxhY2VzLlNlYXJjaFRleHQQAhgEIAA,OPERATIONAL,2.0
Nashville Smiles,"8090 TN-100, Nashville, TN 37221, USA",4.9,547,https://www.nashvillesmiles.com/?utm_source=google&utm_medium=local&utm_campaign=gmb,https://maps.google.com/?cid=3840672826562621653&g_mp=Cidnb29nbGUubWFwcy5wbGFjZXMudjEuUGxhY2VzLlNlYXJjaFRleHQQAhgEIAA,OPERATIONAL,2.0
Simpson's Auto Repair,"4304 Kenilwood Dr, Nashville, TN 37204, USA",4.9,861,http://www.simpsonsautorepair.com/,https://maps.google.com/?cid=6546510468081899449&g_mp=Cidnb29nbGUubWFwcy5wbGFjZXMudjEuUGxhY2VzLlNlYXJjaFRleHQQAhgEIAA,OPERATIONAL,2.0
Nashville Auto Care,"839 Porter Rd, Nashville, TN 37206, USA",4.9,455,,https://maps.google.com/?cid=10171705807154688094&g_mp=Cidnb29nbGUubWFwcy5wbGFjZXMudjEuUGxhY2VzLlNlYXJjaFRleHQQAhgEIAA,OPERATIONAL,2.0
EurWerks,"4203 Charlotte Ave, Nashville, TN 37209, USA",4.9,453,http://www.eurwerks.com/,https://maps.google.com/?cid=3702671313939026506&g_mp=Cidnb29nbGUubWFwcy5wbGFjZXMudjEuUGxhY2VzLlNlYXJjaFRleHQQAhgEIAA,OPERATIONAL,2.0
"Chapman Heating, Air Conditioning, Plumbing and Electrical","9230 Crawfordsville Rd, Indianapolis, IN 46234, USA",4.9,7236,https://chapmanheating.com/locations/indianapolis-services/?utm_source=google&utm_medium=organic&utm_campaign=GMBListing-Indianapolis-IN,https://maps.google.com/?cid=7866155586886588676&g_mp=Cidnb29nbGUubWFwcy5wbGFjZXMudjEuUGxhY2VzLlNlYXJjaFRleHQQAhgEIAA,OPERATIONAL,2.0
LCS Heating and Cooling,"11929 E 65th St, Indianapolis, IN 46236, USA",4.9,1533,https://lcsheatingandcooling.com/?utm_source=google&utm_medium=organic&utm_campaign=gbp,https://maps.google.com/?cid=4474339451175571242&g_mp=Cidnb29nbGUubWFwcy5wbGFjZXMudjEuUGxhY2VzLlNlYXJjaFRleHQQAhgEIAA,OPERATIONAL,2.0
Roy Rogers Heating & Air,"5460 Victory Dr Ste 600, Indianapolis, IN 46203, USA",4.9,623,https://www.royrogersheatingandair.com/,https://maps.google.com/?cid=10020389658557906353&g_mp=Cidnb29nbGUubWFwcy5wbGFjZXMudjEuUGxhY2VzLlNlYXJjaFRleHQQAhgEIAA,OPERATIONAL,2.0
Northern Comfort Systems,"2905 E 46th St, Indianapolis, IN 46205, USA",4.9,502,https://northerncomfortsystems.com/indianapolis/?utm_source=google-gbp&utm_medium=organic&utm_campaign=*386*northern-comfort-systems-indianapolis,https://maps.google.com/?cid=4641566800278390785&g_mp=Cidnb29nbGUubWFwcy5wbGFjZXMudjEuUGxhY2VzLlNlYXJjaFRleHQQAhgEIAA,OPERATIONAL,2.0
Bolls Heating & Cooling,"3648 W 16th St, Indianapolis, IN 46222, USA",4.9,602,https://www.bollscomfort.com/,https://maps.google.com/?cid=17375383830105358817&g_mp=Cidnb29nbGUubWFwcy5wbGFjZXMudjEuUGxhY2VzLlNlYXJjaFRleHQQAhgEIAA,OPERATIONAL,2.0
HomeSense,"2201 E 46th St Ste 200, Indianapolis, IN 46205, USA",4.9,673,https://trusthomesense.com/location/indianapolis-in/,https://maps.google.com/?cid=10543897326245758290&g_mp=Cidnb29nbGUubWFwcy5wbGFjZXMudjEuUGxhY2VzLlNlYXJjaFRleHQQAhgEIAA,OPERATIONAL,2.0
Airtron Heating & Air Conditioning,"1230 S Post Rd, Indianapolis, IN 46239, USA",4.9,6563,https://airtron.com/indianapolis/?utm_source=gmb&utm_medium=gmb-organic&utm_campaign=gmb-indy,https://maps.google.com/?cid=2513876325656450387&g_mp=Cidnb29nbGUubWFwcy5wbGFjZXMudjEuUGxhY2VzLlNlYXJjaFRleHQQAhgEIAA,OPERATIONAL,2.0
"Howald Heating, Air Conditioning & Plumbing","6542 Westfield Blvd, Indianapolis, IN 46220, USA",4.9,2139,http://www.howaldheatingandair.com/,https://maps.google.com/?cid=5769507486003472459&g_mp=Cidnb29nbGUubWFwcy5wbGFjZXMudjEuUGxhY2VzLlNlYXJjaFRleHQQAhgEIAA,OPERATIONAL,2.0
Williams Comfort Air - Heating Cooling Plumbing Electrical,"711 E 65th St Ste 101, Indianapolis, IN 46220, USA",4.9,834,https://williamscomfortair.com/location/meridian-hills-indiana/?utm_campaign=gmb_msg-wca_home_everyone_broad-ripple&utm_medium=gmb&utm_source=google,https://maps.google.com/?cid=8615893521425434375&g_mp=Cidnb29nbGUubWFwcy5wbGFjZXMudjEuUGxhY2VzLlNlYXJjaFRleHQQAhgEIAA,OPERATIONAL,2.0
Irish Air,"36 S Main St, Indianapolis, IN 46227, USA",4.9,890,https://www.irishairnow.com/,https://maps.google.com/?cid=2765859738480321570&g_mp=Cidnb29nbGUubWFwcy5wbGFjZXMudjEuUGxhY2VzLlNlYXJjaFRleHQQAhgEIAA,OPERATIONAL,2.0
"Control Tech Heating, Air, & Plumbing","1200 Parkway Dr, Zionsville, IN 46077, USA",4.9,1263,https://controltech.biz/?utm_campaign=gmb&utm_medium=organic&utm_source=google,https://maps.google.com/?cid=12476958765730634086&g_mp=Cidnb29nbGUubWFwcy5wbGFjZXMudjEuUGxhY2VzLlNlYXJjaFRleHQQAhgEIAA,OPERATIONAL,2.0
Turk Heating & Cooling Inc,"3440 S Post Rd, Indianapolis, IN 46239, USA",4.9,270,http://www.turkheating.com/,https://maps.google.com/?cid=3105843856232034756&g_mp=Cidnb29nbGUubWFwcy5wbGFjZXMudjEuUGxhY2VzLlNlYXJjaFRleHQQAhgEIAA,OPERATIONAL,2.0
HomeSense,"2101 Cunningham Rd Ste B, Indianapolis, IN 46224, USA",4.9,1588,https://bplusw.com/,https://maps.google.com/?cid=17639972858264150402&g_mp=Cidnb29nbGUubWFwcy5wbGFjZXMudjEuUGxhY2VzLlNlYXJjaFRleHQQAhgEIAA,OPERATIONAL,2.0
Cornerstone Dental Group,"4030 Smith Rd Ste 110, Cincinnati, OH 45209, USA",4.9,1110,http://www.cornerstonedentist.com/,https://maps.google.com/?cid=4268937183424143838&g_mp=Cidnb29nbGUubWFwcy5wbGFjZXMudjEuUGxhY2VzLlNlYXJjaFRleHQQAhgEIAA,OPERATIONAL,2.0
"Pearce Dental Group of Cincinnati, OH","425 Walnut St Ste 201, Cincinnati, OH 45202, USA",4.9,1859,https://pearcedentalgroup.com/,https://maps.google.com/?cid=11882882028017407559&g_mp=Cidnb29nbGUubWFwcy5wbGFjZXMudjEuUGxhY2VzLlNlYXJjaFRleHQQAhgEIAA,OPERATIONAL,2.0
Mt. Lookout Dentistry,"3197 Linwood Ave #1, Cincinnati, OH 45208, USA",4.9,445,https://mtlookoutdentistry.com/,https://maps.google.com/?cid=17257137006539350412&g_mp=Cidnb29nbGUubWFwcy5wbGFjZXMudjEuUGxhY2VzLlNlYXJjaFRleHQQAhgEIAA,OPERATIONAL,2.0
Delhi Dental,"5127 Delhi Rd, Cincinnati, OH 45238, USA",4.9,1089,https://www.delhidentalcincinnati.com/,https://maps.google.com/?cid=1921998413472067632&g_mp=Cidnb29nbGUubWFwcy5wbGFjZXMudjEuUGxhY2VzLlNlYXJjaFRleHQQAhgEIAA,OPERATIONAL,2.0
"Hyde Park Dental Arts, LLC","2761 Erie Ave, Cincinnati, OH 45208, USA",4.9,780,http://www.drlogeman.com/?utm_campaign=gbp-listing,https://maps.google.com/?cid=15311115687808263875&g_mp=Cidnb29nbGUubWFwcy5wbGFjZXMudjEuUGxhY2VzLlNlYXJjaFRleHQQAhgEIAA,OPERATIONAL,2.0
Shertok Smiles,"19 Garfield Pl Unit 414, Cincinnati, OH 45202, USA",4.9,573,http://www.shertoksmiles.com/,https://maps.google.com/?cid=13559352187982162505&g_mp=Cidnb29nbGUubWFwcy5wbGFjZXMudjEuUGxhY2VzLlNlYXJjaFRleHQQAhgEIAA,OPERATIONAL,2.0
Seven Star Dental,"7 W 7th St Ste 1, Cincinnati, OH 45202, USA",4.9,408,http://www.sevenstardental.com/,https://maps.google.com/?cid=15990379796902215652&g_mp=Cidnb29nbGUubWFwcy5wbGFjZXMudjEuUGxhY2VzLlNlYXJjaFRleHQQAhgEIAA,OPERATIONAL,2.0
Fountain Square Dental Care,"525 Vine St Ste 1020, Cincinnati, OH 45202, USA",4.9,311,https://www.cincinnatismiledesign.com/,https://maps.google.com/?cid=2779984092093386734&g_mp=Cidnb29nbGUubWFwcy5wbGFjZXMudjEuUGxhY2VzLlNlYXJjaFRleHQQAhgEIAA,OPERATIONAL,2.0
Bell Dental Group,"2767 Erie Ave, Cincinnati, OH 45208, USA",4.9,883,http://www.belldentalgroup.com/,https://maps.google.com/?cid=6560814739906521250&g_mp=Cidnb29nbGUubWFwcy5wbGFjZXMudjEuUGxhY2VzLlNlYXJjaFRleHQQAhgEIAA,OPERATIONAL,2.0
Clifton Dental Care,"3308 Jefferson Ave, Cincinnati, OH 45220, USA",4.9,165,http://www.cincinnaticliftondentalcare.com/,https://maps.google.com/?cid=7823554143111356134&g_mp=Cidnb29nbGUubWFwcy5wbGFjZXMudjEuUGxhY2VzLlNlYXJjaFRleHQQAhgEIAA,OPERATIONAL,2.0
Anderson Smile Center,"7815 Beechmont Ave, Cincinnati, OH 45255, USA",4.9,1118,https://www.andersonsmiledental.com/,https://maps.google.com/?cid=1297335289627437216&g_mp=Cidnb29nbGUubWFwcy5wbGFjZXMudjEuUGxhY2VzLlNlYXJjaFRleHQQAhgEIAA,OPERATIONAL,2.0
Pro Auto Care,"12308 Aiken Rd #1, Louisville, KY 40223, USA",4.9,727,http://www.proautocareky.com/,https://maps.google.com/?cid=17428098246896023429&g_mp=Cidnb29nbGUubWFwcy5wbGFjZXMudjEuUGxhY2VzLlNlYXJjaFRleHQQAhgEIAA,OPERATIONAL,2.0
Smith Imported Car Service,"1250 E Broadway, Louisville, KY 40204, USA",4.9,120,https://www.smithimportedcarservice.com/,https://maps.google.com/?cid=14149541657921407608&g_mp=Cidnb29nbGUubWFwcy5wbGFjZXMudjEuUGxhY2VzLlNlYXJjaFRleHQQAhgEIAA,OPERATIONAL,2.0
Nathanson Auto Repair,"623 Bergman St, Louisville, KY 40203, USA",4.9,154,https://www.facebook.com/NathansonAutoRepair,https://maps.google.com/?cid=6329262837213614536&g_mp=Cidnb29nbGUubWFwcy5wbGFjZXMudjEuUGxhY2VzLlNlYXJjaFRleHQQAhgEIAA,OPERATIONAL,2.0
The Shop,"10115 Taylorsville Rd, Louisville, KY 40299, USA",4.9,481,https://theshopky.com/,https://maps.google.com/?cid=7534903732300346774&g_mp=Cidnb29nbGUubWFwcy5wbGFjZXMudjEuUGxhY2VzLlNlYXJjaFRleHQQAhgEIAA,OPERATIONAL,2.0
Premier Heating & Air,"78 Fesslers Ln, Nashville, TN 37210, USA",4.9,1041,https://www.premierishere.com/nashville,https://maps.google.com/?cid=1927851560865086352&g_mp=Cidnb29nbGUubWFwcy5wbGFjZXMudjEuUGxhY2VzLlNlYXJjaFRleHQQAhgEIAA,OPERATIONAL,2.0
"Jewell Mechanical, LLC","1000 Elm Hill Pike, Nashville, TN 37210, USA",4.9,778,https://www.jewellmechanical.com/?utm_source=GMB&utm_medium=organic&utm_campaign=Jewell,https://maps.google.com/?cid=11451506406862666534&g_mp=Cidnb29nbGUubWFwcy5wbGFjZXMudjEuUGxhY2VzLlNlYXJjaFRleHQQAhgEIAA,OPERATIONAL,2.0
"Pioneer Heating, Cooling, Electrical & Plumbing","2525 Perimeter Pl Dr #122, Nashville, TN 37214, USA",4.9,6174,https://pioneercomfort.com/service-area/nashville/?utm_source=google-gbp&utm_medium=organic&utm_campaign=*108*pioneer-nashville,https://maps.google.com/?cid=10694811724071013869&g_mp=Cidnb29nbGUubWFwcy5wbGFjZXMudjEuUGxhY2VzLlNlYXJjaFRleHQQAhgEIAA,OPERATIONAL,2.0
Lewis Comfort Control Hvac-Nashville,"2941 Lyndale Dr, Nashville, TN 37207, USA",4.9,136,https://hvac.plus/,https://maps.google.com/?cid=7909520877699817817&g_mp=Cidnb29nbGUubWFwcy5wbGFjZXMudjEuUGxhY2VzLlNlYXJjaFRleHQQAhgEIAA,OPERATIONAL,2.0
"Parthenon Plumbing, Heating, & AC Repair","2317 Cruzen St, Nashville, TN 37211, USA",4.9,668,https://parthenonplumbing.com/nashville-tn-plumber/?utm_source=google&utm_medium=organic&utm_campaign=gbp_nashville,https://maps.google.com/?cid=1598920839796521712&g_mp=Cidnb29nbGUubWFwcy5wbGFjZXMudjEuUGxhY2VzLlNlYXJjaFRleHQQAhgEIAA,OPERATIONAL,2.0
"Busy Bee Plumbing, Heating, & Air Conditioning","40 Burton Hills Blvd #200, Nashville, TN 37215, USA",4.9,1555,https://www.busybeehvac.com/,https://maps.google.com/?cid=7867536017928581040&g_mp=Cidnb29nbGUubWFwcy5wbGFjZXMudjEuUGxhY2VzLlNlYXJjaFRleHQQAhgEIAA,OPERATIONAL,2.0
Universal Heating & Cooling,"1035 Ridgecrest Dr, Goodlettsville, TN 37072, USA",4.9,864,https://universalhtgclg.com/?utm_source=gmblisting&utm_medium=referral,https://maps.google.com/?cid=2537728934934553680&g_mp=Cidnb29nbGUubWFwcy5wbGFjZXMudjEuUGxhY2VzLlNlYXJjaFRleHQQAhgEIAA,OPERATIONAL,2.0
Temp Control Heating & Air Conditioning,"2214 Dortch Ave, Nashville, TN 37210, USA",4.9,668,https://tempcontrolac.com/?utm_source=google&utm_medium=organic&utm_campaign=gbp-profile,https://maps.google.com/?cid=17694505500573521431&g_mp=Cidnb29nbGUubWFwcy5wbGFjZXMudjEuUGxhY2VzLlNlYXJjaFRleHQQAhgEIAA,OPERATIONAL,2.0
South Nashville Heating & Cooling,"501 Veritas St, Nashville, TN 37211, USA",4.9,538,http://www.southnashvillehvac.com/,https://maps.google.com/?cid=11527133106755984332&g_mp=Cidnb29nbGUubWFwcy5wbGFjZXMudjEuUGxhY2VzLlNlYXJjaFRleHQQAhgEIAA,OPERATIONAL,2.0
Dentistry of Indiana,"2727 N High School Rd, Indianapolis, IN 46224, USA",5,577,https://dentistryofindiana.com/,https://maps.google.com/?cid=15888533253745637233&g_mp=Cidnb29nbGUubWFwcy5wbGFjZXMudjEuUGxhY2VzLlNlYXJjaFRleHQQAhgEIAA,OPERATIONAL,0.0
Neighborhood Dental,"2232 Bardstown Rd Ste A, Louisville, KY 40205, USA",5,441,https://www.neighborhood-dental.com/,https://maps.google.com/?cid=13039800426103912769&g_mp=Cidnb29nbGUubWFwcy5wbGFjZXMudjEuUGxhY2VzLlNlYXJjaFRleHQQAhgEIAA,OPERATIONAL,0.0
Aiken and Wilson Dentistry,"139 St Matthews Ave, Louisville, KY 40207, USA",5,936,http://aikenwilsondentistry.com/,https://maps.google.com/?cid=8372617210500571959&g_mp=Cidnb29nbGUubWFwcy5wbGFjZXMudjEuUGxhY2VzLlNlYXJjaFRleHQQAhgEIAA,OPERATIONAL,0.0
Martin Automotive LLC,"5360 N Tacoma Ave, Indianapolis, IN 46220, USA",5,163,http://www.martinautomotiverepair.com/,https://maps.google.com/?cid=3712920004825015811&g_mp=Cidnb29nbGUubWFwcy5wbGFjZXMudjEuUGxhY2VzLlNlYXJjaFRleHQQAhgEIAA,OPERATIONAL,0.0
Air Support,"8912 Stone Green Way Unit 3, Louisville, KY 40220, USA",5,480,https://www.airsupportky.com/furnace-repair/?utm_campaign=gmb,https://maps.google.com/?cid=15530161246543426716&g_mp=Cidnb29nbGUubWFwcy5wbGFjZXMudjEuUGxhY2VzLlNlYXJjaFRleHQQAhgEIAA,OPERATIONAL,0.0
"All Pro Heating, Air and Plumbing","9175 Harrison Park Ct, Indianapolis, IN 46216, USA",5,1768,https://callallproindy.com/?utm_source=google&utm_medium=organic&utm_campaign=gbp_indianapolis,https://maps.google.com/?cid=15818498117761023954&g_mp=Cidnb29nbGUubWFwcy5wbGFjZXMudjEuUGxhY2VzLlNlYXJjaFRleHQQAhgEIAA,OPERATIONAL,0.0
"Meier, Layer and Yu","8712 Winton Rd, Cincinnati, OH 45231, USA",5,1412,http://cincinnatidentists.com/?utm_source=gmb&utm_medium=organic,https://maps.google.com/?cid=6415425207157973256&g_mp=Cidnb29nbGUubWFwcy5wbGFjZXMudjEuUGxhY2VzLlNlYXJjaFRleHQQAhgEIAA,OPERATIONAL,0.0
Weisenberger Dental,"1017 Delta Ave, Cincinnati, OH 45208, USA",5,280,http://www.weisenbergerdental.com/,https://maps.google.com/?cid=4998966074047932483&g_mp=Cidnb29nbGUubWFwcy5wbGFjZXMudjEuUGxhY2VzLlNlYXJjaFRleHQQAhgEIAA,OPERATIONAL,0.0
Elite Cosmetic and Family Dentistry,"11039 Prince Ln, Cincinnati, OH 45241, USA",5,589,https://www.sharonvilledentistry.com/,https://maps.google.com/?cid=10535789662242028287&g_mp=Cidnb29nbGUubWFwcy5wbGFjZXMudjEuUGxhY2VzLlNlYXJjaFRleHQQAhgEIAA,OPERATIONAL,0.0
Right Time HVAC,"5300 Old Hickory Blvd, Nashville, TN 37218, USA",5,1032,https://www.righttimehvac.com/,https://maps.google.com/?cid=16709866279549003432&g_mp=Cidnb29nbGUubWFwcy5wbGFjZXMudjEuUGxhY2VzLlNlYXJjaFRleHQQAhgEIAA,OPERATIONAL,0.0
